category,total_orders,total_quantity,total_final_revenue
Electronics,6,10,3804.714285714286
Furniture,6,7,1331.8142857142857
Clothing,5,10,530.2571428571429
Groceries,4,16,280.0
Beauty,4,10,213.47857142857143
