month,total_final_revenue
2024-01,5170.778571428571
2024-02,989.4857142857143
