region,Beauty,Clothing,Electronics,Furniture,Groceries
East,45.6,191.0,1641.7142857142858,382.5,75.0
North,34.2,120.0,598.0,466.8857142857143,70.0
South,45.6,111.25714285714285,1349.0,72.0,75.0
West,88.07857142857142,108.0,216.0,410.42857142857144,60.0
