region,total_orders,total_final_revenue
East,7,2335.8142857142857
South,6,1652.857142857143
North,6,1289.0857142857144
West,6,882.5071428571429
